"Sgnyea","Prvcnm_id","Prvcnm_en","Pi0101"
"1951","110000","Beijing","116.1700"
"1951","420000","Hubei","121.1000"
"1951","430000","Hunan","105.6000"
"1951","320000","Jiangsu","113.9000"
"1951","310000","Shanghai",""
"1951","350000","Fujian","106.6000"
"1951","610000","Shaanxi","109.8000"
"1951","520000","Guizhou","110.9000"
"1951","220000","Jilin",""
"1951","210000","Liaoning",""
"1951","140000","Shanxi",""
"1951","120000","Tianjin","114.5000"
"1951","360000","Jiangxi",""
"1951","630000","Qinghai",""
"1951","650000","Xinjiang","110.5000"
"1951","130000","Hebei",""
"1951","530000","Yunnan",""
"1951","620000","Gansu","133.9000"
"1951","440000","Guangdong",""
"1951","370000","Shandong","110.8000"
"1952","150000","Inner Mongolia",""
"1952","350000","Fujian","98.0000"
"1952","360000","Jiangxi",""
"1952","140000","Shanxi",""
"1952","320000","Jiangsu","97.5000"
"1952","210000","Liaoning",""
"1952","440000","Guangdong",""
"1952","610000","Shaanxi","105.2000"
"1952","520000","Guizhou","110.0000"
"1952","310000","Shanghai",""
"1952","530000","Yunnan",""
"1952","620000","Gansu","103.0000"
"1952","130000","Hebei",""
"1952","450000","Guangxi",""
"1952","650000","Xinjiang","97.7000"
"1952","370000","Shandong","102.2000"
"1952","420000","Hubei","96.1000"
"1952","630000","Qinghai",""
"1952","220000","Jilin",""
"1952","110000","Beijing","104.1000"
"1952","120000","Tianjin","101.6000"
"1952","510000","Sichuan",""
"1952","430000","Hunan","97.4000"
"1953","220000","Jilin","105.9000"
"1953","120000","Tianjin","107.8000"
"1953","310000","Shanghai","105.8000"
"1953","330000","Zhejiang",""
"1953","370000","Shandong","103.3000"
"1953","110000","Beijing","109.7000"
"1953","530000","Yunnan",""
"1953","650000","Xinjiang","96.5000"
"1953","130000","Hebei",""
"1953","140000","Shanxi",""
"1953","150000","Inner Mongolia",""
"1953","610000","Shaanxi","103.9000"
"1953","620000","Gansu","103.4000"
"1953","320000","Jiangsu","102.6000"
"1953","630000","Qinghai",""
"1953","430000","Hunan","108.5000"
"1953","440000","Guangdong",""
"1953","210000","Liaoning",""
"1953","420000","Hubei","103.5000"
"1953","230000","Heilongjiang","106.0000"
"1953","350000","Fujian","101.9000"
"1953","520000","Guizhou","101.5000"
"1953","360000","Jiangxi",""
"1954","230000","Heilongjiang","101.7000"
"1954","440000","Guangdong",""
"1954","420000","Hubei","101.7000"
"1954","120000","Tianjin","101.7000"
"1954","530000","Yunnan",""
"1954","210000","Liaoning",""
"1954","610000","Shaanxi","100.7000"
"1954","620000","Gansu","95.0000"
"1954","370000","Shandong","103.4000"
"1954","360000","Jiangxi",""
"1954","430000","Hunan","102.5000"
"1954","130000","Hebei",""
"1954","140000","Shanxi",""
"1954","310000","Shanghai","101.9000"
"1954","650000","Xinjiang","104.3000"
"1954","630000","Qinghai",""
"1954","150000","Inner Mongolia",""
"1954","520000","Guizhou","103.5000"
"1954","350000","Fujian","99.9000"
"1954","320000","Jiangsu","101.6000"
"1954","220000","Jilin","103.5000"
"1954","330000","Zhejiang",""
"1954","110000","Beijing","102.9000"
"1955","530000","Yunnan",""
"1955","430000","Hunan","102.5000"
"1955","220000","Jilin","100.5000"
"1955","330000","Zhejiang",""
"1955","350000","Fujian","101.3000"
"1955","440000","Guangdong",""
"1955","620000","Gansu","101.1000"
"1955","370000","Shandong","99.9000"
"1955","110000","Beijing","100.6800"
"1955","360000","Jiangxi",""
"1955","150000","Inner Mongolia",""
"1955","310000","Shanghai","101.4000"
"1955","320000","Jiangsu","101.4000"
"1955","140000","Shanxi",""
"1955","210000","Liaoning",""
"1955","630000","Qinghai",""
"1955","120000","Tianjin","100.0000"
"1955","650000","Xinjiang","98.3000"
"1955","520000","Guizhou","102.5000"
"1955","420000","Hubei","100.2000"
"1955","130000","Hebei",""
"1955","230000","Heilongjiang","101.0000"
"1955","610000","Shaanxi","99.7000"
"1956","350000","Fujian","101.7000"
"1956","220000","Jilin","98.0000"
"1956","610000","Shaanxi","98.2000"
"1956","360000","Jiangxi",""
"1956","530000","Yunnan",""
"1956","620000","Gansu","95.4000"
"1956","430000","Hunan","102.6000"
"1956","650000","Xinjiang","92.1000"
"1956","520000","Guizhou","100.5000"
"1956","110000","Beijing","100.1000"
"1956","230000","Heilongjiang","99.9000"
"1956","120000","Tianjin","99.8000"
"1956","330000","Zhejiang",""
"1956","630000","Qinghai",""
"1956","130000","Hebei",""
"1956","150000","Inner Mongolia",""
"1956","440000","Guangdong",""
"1956","210000","Liaoning",""
"1956","420000","Hubei","99.5000"
"1956","140000","Shanxi",""
"1956","310000","Shanghai","100.4000"
"1956","370000","Shandong","100.7000"
"1956","320000","Jiangsu","101.1000"
"1957","370000","Shandong","101.0000"
"1957","110000","Beijing","100.7000"
"1957","360000","Jiangxi",""
"1957","630000","Qinghai",""
"1957","120000","Tianjin","101.8000"
"1957","330000","Zhejiang",""
"1957","510000","Sichuan",""
"1957","610000","Shaanxi","100.8000"
"1957","420000","Hubei","105.2000"
"1957","220000","Jilin","102.5000"
"1957","140000","Shanxi",""
"1957","130000","Hebei",""
"1957","150000","Inner Mongolia",""
"1957","310000","Shanghai","100.8000"
"1957","440000","Guangdong",""
"1957","450000","Guangxi",""
"1957","650000","Xinjiang","101.4000"
"1957","320000","Jiangsu","102.1000"
"1957","210000","Liaoning",""
"1957","410000","Henan",""
"1957","230000","Heilongjiang","101.9000"
"1957","530000","Yunnan",""
"1957","350000","Fujian","100.5000"
"1957","620000","Gansu","96.6000"
"1957","520000","Guizhou","103.0000"
"1957","430000","Hunan","102.1000"
"1958","220000","Jilin","98.7000"
"1958","610000","Shaanxi","97.3000"
"1958","370000","Shandong","99.6000"
"1958","350000","Fujian","101.1000"
"1958","110000","Beijing","98.8000"
"1958","150000","Inner Mongolia",""
"1958","430000","Hunan","99.4000"
"1958","530000","Yunnan",""
"1958","320000","Jiangsu","100.8000"
"1958","410000","Henan","99.6000"
"1958","420000","Hubei","99.5000"
"1958","130000","Hebei",""
"1958","330000","Zhejiang",""
"1958","620000","Gansu","102.0000"
"1958","230000","Heilongjiang","98.3000"
"1958","120000","Tianjin","98.9000"
"1958","440000","Guangdong",""
"1958","650000","Xinjiang","98.8000"
"1958","140000","Shanxi",""
"1958","640000","Ningxia","102.4000"
"1958","630000","Qinghai",""
"1958","310000","Shanghai","100.0000"
"1958","520000","Guizhou","101.5000"
"1958","210000","Liaoning",""
"1958","360000","Jiangxi",""
"1959","330000","Zhejiang",""
"1959","410000","Henan","100.3000"
"1959","310000","Shanghai","100.2000"
"1959","210000","Liaoning",""
"1959","630000","Qinghai",""
"1959","120000","Tianjin","99.9000"
"1959","230000","Heilongjiang","100.0000"
"1959","440000","Guangdong",""
"1959","640000","Ningxia","102.9000"
"1959","420000","Hubei","101.1000"
"1959","610000","Shaanxi","100.3000"
"1959","520000","Guizhou","101.8000"
"1959","620000","Gansu","101.8000"
"1959","370000","Shandong","100.6000"
"1959","320000","Jiangsu","100.2000"
"1959","360000","Jiangxi",""
"1959","430000","Hunan","100.4000"
"1959","220000","Jilin","99.6000"
"1959","650000","Xinjiang","100.4000"
"1959","130000","Hebei",""
"1959","140000","Shanxi",""
"1959","150000","Inner Mongolia",""
"1959","110000","Beijing","99.5000"
"1959","350000","Fujian","101.4000"
"1959","530000","Yunnan",""
"1960","230000","Heilongjiang","101.0000"
"1960","520000","Guizhou","102.0000"
"1960","630000","Qinghai",""
"1960","220000","Jilin","108.5000"
"1960","620000","Gansu","99.4000"
"1960","110000","Beijing","99.6000"
"1960","420000","Hubei","109.4000"
"1960","430000","Hunan","102.1000"
"1960","130000","Hebei",""
"1960","310000","Shanghai","100.4000"
"1960","330000","Zhejiang",""
"1960","350000","Fujian","100.4000"
"1960","340000","Anhui",""
"1960","320000","Jiangsu","102.3000"
"1960","210000","Liaoning",""
"1960","140000","Shanxi",""
"1960","360000","Jiangxi",""
"1960","410000","Henan","100.8000"
"1960","120000","Tianjin","101.3000"
"1960","530000","Yunnan",""
"1960","640000","Ningxia","104.3000"
"1960","650000","Xinjiang","102.5000"
"1960","370000","Shandong","100.5000"
"1960","150000","Inner Mongolia",""
"1960","440000","Guangdong",""
"1960","610000","Shaanxi","101.5000"
"1961","220000","Jilin","113.4000"
"1961","150000","Inner Mongolia",""
"1961","120000","Tianjin","111.5000"
"1961","330000","Zhejiang",""
"1961","530000","Yunnan",""
"1961","320000","Jiangsu","124.3000"
"1961","130000","Hebei",""
"1961","520000","Guizhou","124.0000"
"1961","430000","Hunan","142.6000"
"1961","340000","Anhui",""
"1961","610000","Shaanxi","122.7000"
"1961","310000","Shanghai","105.1000"
"1961","110000","Beijing","103.6000"
"1961","410000","Henan","118.3000"
"1961","350000","Fujian","121.6000"
"1961","650000","Xinjiang","119.0000"
"1961","360000","Jiangxi",""
"1961","630000","Qinghai",""
"1961","640000","Ningxia","120.2000"
"1961","620000","Gansu","122.6000"
"1961","230000","Heilongjiang","123.7000"
"1961","140000","Shanxi",""
"1961","440000","Guangdong",""
"1961","370000","Shandong","106.3000"
"1961","210000","Liaoning",""
"1961","420000","Hubei","120.6000"
"1962","350000","Fujian","101.8000"
"1962","370000","Shandong","100.5000"
"1962","360000","Jiangxi",""
"1962","410000","Henan","96.4000"
"1962","630000","Qinghai",""
"1962","430000","Hunan","107.5000"
"1962","230000","Heilongjiang","103.9000"
"1962","610000","Shaanxi","95.6000"
"1962","530000","Yunnan",""
"1962","650000","Xinjiang","98.4000"
"1962","220000","Jilin","103.1000"
"1962","310000","Shanghai","99.4000"
"1962","640000","Ningxia","95.1000"
"1962","620000","Gansu","102.4000"
"1962","120000","Tianjin","100.2000"
"1962","450000","Guangxi",""
"1962","520000","Guizhou","100.4000"
"1962","320000","Jiangsu","97.7000"
"1962","110000","Beijing","104.6000"
"1962","420000","Hubei","95.9000"
"1962","130000","Hebei",""
"1962","150000","Inner Mongolia",""
"1962","510000","Sichuan",""
"1962","140000","Shanxi",""
"1962","330000","Zhejiang",""
"1962","340000","Anhui",""
"1962","440000","Guangdong",""
"1962","210000","Liaoning",""
"1963","120000","Tianjin","97.4000"
"1963","210000","Liaoning",""
"1963","430000","Hunan","88.6000"
"1963","310000","Shanghai","98.9000"
"1963","620000","Gansu",""
"1963","140000","Shanxi",""
"1963","320000","Jiangsu","95.6000"
"1963","360000","Jiangxi",""
"1963","220000","Jilin","98.9000"
"1963","330000","Zhejiang",""
"1963","440000","Guangdong",""
"1963","650000","Xinjiang","95.9000"
"1963","520000","Guizhou","98.7000"
"1963","410000","Henan","96.2000"
"1963","420000","Hubei","93.1000"
"1963","230000","Heilongjiang","99.6000"
"1963","610000","Shaanxi","95.7000"
"1963","110000","Beijing","100.2000"
"1963","350000","Fujian","95.9000"
"1963","340000","Anhui",""
"1963","530000","Yunnan",""
"1963","640000","Ningxia","88.9000"
"1963","370000","Shandong","98.7000"
"1963","630000","Qinghai",""
"1963","130000","Hebei",""
"1963","150000","Inner Mongolia",""
"1964","140000","Shanxi",""
"1964","150000","Inner Mongolia",""
"1964","350000","Fujian","95.2000"
"1964","530000","Yunnan",""
"1964","610000","Shaanxi","95.7000"
"1964","410000","Henan","98.5000"
"1964","330000","Zhejiang",""
"1964","110000","Beijing","98.8000"
"1964","340000","Anhui",""
"1964","440000","Guangdong",""
"1964","120000","Tianjin","95.3000"
"1964","320000","Jiangsu","95.7000"
"1964","210000","Liaoning",""
"1964","230000","Heilongjiang","99.3000"
"1964","220000","Jilin","98.4000"
"1964","360000","Jiangxi",""
"1964","420000","Hubei","96.6000"
"1964","630000","Qinghai",""
"1964","650000","Xinjiang","96.1000"
"1964","130000","Hebei",""
"1964","640000","Ningxia","94.9000"
"1964","520000","Guizhou","97.3000"
"1964","620000","Gansu",""
"1964","370000","Shandong","97.8000"
"1964","310000","Shanghai","97.8000"
"1964","430000","Hunan","96.1000"
"1965","310000","Shanghai","100.6000"
"1965","340000","Anhui",""
"1965","450000","Guangxi",""
"1965","530000","Yunnan",""
"1965","610000","Shaanxi","98.2000"
"1965","360000","Jiangxi",""
"1965","140000","Shanxi",""
"1965","440000","Guangdong",""
"1965","210000","Liaoning",""
"1965","630000","Qinghai",""
"1965","220000","Jilin","100.5000"
"1965","150000","Inner Mongolia",""
"1965","120000","Tianjin","96.5000"
"1965","640000","Ningxia","97.7000"
"1965","520000","Guizhou","98.4000"
"1965","110000","Beijing","94.9000"
"1965","420000","Hubei","96.4000"
"1965","430000","Hunan","90.5000"
"1965","330000","Zhejiang",""
"1965","650000","Xinjiang","96.0000"
"1965","370000","Shandong","97.8000"
"1965","620000","Gansu",""
"1965","410000","Henan","97.0000"
"1965","130000","Hebei",""
"1965","230000","Heilongjiang","99.7000"
"1965","350000","Fujian","95.2000"
"1965","510000","Sichuan",""
"1965","320000","Jiangsu","97.1000"
"1966","230000","Heilongjiang","100.3000"
"1966","150000","Inner Mongolia",""
"1966","330000","Zhejiang",""
"1966","110000","Beijing","99.6000"
"1966","410000","Henan","99.5000"
"1966","630000","Qinghai",""
"1966","220000","Jilin","99.2000"
"1966","210000","Liaoning",""
"1966","360000","Jiangxi",""
"1966","420000","Hubei","99.2000"
"1966","340000","Anhui",""
"1966","530000","Yunnan",""
"1966","650000","Xinjiang","97.1000"
"1966","130000","Hebei",""
"1966","310000","Shanghai","96.9000"
"1966","350000","Fujian","100.8000"
"1966","640000","Ningxia","98.2000"
"1966","140000","Shanxi",""
"1966","120000","Tianjin","99.2000"
"1966","430000","Hunan","99.3000"
"1966","440000","Guangdong",""
"1966","610000","Shaanxi","99.9000"
"1966","520000","Guizhou","101.6000"
"1966","370000","Shandong","98.7000"
"1966","320000","Jiangsu","98.1000"
"1967","130000","Hebei",""
"1967","120000","Tianjin","99.4000"
"1967","330000","Zhejiang",""
"1967","210000","Liaoning",""
"1967","420000","Hubei","100.2000"
"1967","140000","Shanxi",""
"1967","370000","Shandong","100.1000"
"1967","230000","Heilongjiang","100.0000"
"1967","640000","Ningxia","102.5000"
"1967","320000","Jiangsu","99.7000"
"1967","150000","Inner Mongolia",""
"1967","360000","Jiangxi",""
"1967","350000","Fujian","100.4000"
"1967","530000","Yunnan",""
"1967","430000","Hunan","100.7000"
"1967","220000","Jilin","100.8000"
"1967","310000","Shanghai","100.9000"
"1967","110000","Beijing","100.0000"
"1967","650000","Xinjiang","99.2000"
"1967","520000","Guizhou","101.7000"
"1967","440000","Guangdong",""
"1967","610000","Shaanxi","99.1000"
"1967","410000","Henan","100.2000"
"1967","630000","Qinghai",""
"1968","130000","Hebei",""
"1968","120000","Tianjin","99.9000"
"1968","530000","Yunnan",""
"1968","650000","Xinjiang","100.0000"
"1968","440000","Guangdong",""
"1968","640000","Ningxia","101.3000"
"1968","110000","Beijing","99.9000"
"1968","420000","Hubei","100.2000"
"1968","140000","Shanxi",""
"1968","610000","Shaanxi","100.3000"
"1968","230000","Heilongjiang","100.0000"
"1968","150000","Inner Mongolia",""
"1968","330000","Zhejiang",""
"1968","410000","Henan","99.9000"
"1968","630000","Qinghai",""
"1968","350000","Fujian","99.8000"
"1968","210000","Liaoning",""
"1968","310000","Shanghai","99.9000"
"1968","520000","Guizhou","100.0000"
"1968","320000","Jiangsu","100.0000"
"1968","430000","Hunan","100.1000"
"1968","220000","Jilin","100.2000"
"1968","370000","Shandong","99.8000"
"1969","330000","Zhejiang",""
"1969","640000","Ningxia","102.5000"
"1969","630000","Qinghai",""
"1969","140000","Shanxi",""
"1969","350000","Fujian","99.8000"
"1969","220000","Jilin","99.3000"
"1969","650000","Xinjiang","99.4000"
"1969","370000","Shandong","99.9000"
"1969","210000","Liaoning",""
"1969","150000","Inner Mongolia",""
"1969","410000","Henan","99.4000"
"1969","230000","Heilongjiang","100.0000"
"1969","610000","Shaanxi","99.7000"
"1969","310000","Shanghai","100.4000"
"1969","440000","Guangdong",""
"1969","320000","Jiangsu","100.0000"
"1969","110000","Beijing","100.3000"
"1969","430000","Hunan","100.4000"
"1969","520000","Guizhou","99.4000"
"1969","420000","Hubei","100.4000"
"1969","130000","Hebei",""
"1969","120000","Tianjin","100.6000"
"1969","530000","Yunnan",""
"1970","150000","Inner Mongolia",""
"1970","310000","Shanghai","99.6000"
"1970","610000","Shaanxi","99.8000"
"1970","210000","Liaoning",""
"1970","410000","Henan","99.0000"
"1970","330000","Zhejiang",""
"1970","510000","Sichuan",""
"1970","530000","Yunnan",""
"1970","320000","Jiangsu","100.0000"
"1970","430000","Hunan","100.7000"
"1970","220000","Jilin","99.2000"
"1970","450000","Guangxi",""
"1970","140000","Shanxi",""
"1970","640000","Ningxia","100.8000"
"1970","130000","Hebei",""
"1970","120000","Tianjin","99.1000"
"1970","110000","Beijing","98.9000"
"1970","520000","Guizhou","100.1000"
"1970","230000","Heilongjiang","100.2000"
"1970","650000","Xinjiang","99.7000"
"1970","370000","Shandong","98.9000"
"1970","420000","Hubei","99.6000"
"1970","350000","Fujian","98.9000"
"1970","440000","Guangdong",""
"1970","630000","Qinghai",""
"1971","230000","Heilongjiang","99.9000"
"1971","220000","Jilin","100.3000"
"1971","150000","Inner Mongolia",""
"1971","120000","Tianjin","99.8000"
"1971","310000","Shanghai","100.0000"
"1971","110000","Beijing","100.2000"
"1971","420000","Hubei","99.7000"
"1971","630000","Qinghai",""
"1971","130000","Hebei",""
"1971","370000","Shandong","99.9000"
"1971","320000","Jiangsu","100.3000"
"1971","650000","Xinjiang","99.9000"
"1971","360000","Jiangxi",""
"1971","430000","Hunan","99.0000"
"1971","140000","Shanxi",""
"1971","330000","Zhejiang",""
"1971","210000","Liaoning",""
"1971","410000","Henan","99.5000"
"1971","610000","Shaanxi","101.0000"
"1971","350000","Fujian","100.7000"
"1971","340000","Anhui",""
"1971","440000","Guangdong",""
"1971","530000","Yunnan",""
"1971","640000","Ningxia","99.8000"
"1971","520000","Guizhou","99.8000"
"1972","120000","Tianjin","100.0000"
"1972","330000","Zhejiang",""
"1972","530000","Yunnan",""
"1972","520000","Guizhou","99.5000"
"1972","340000","Anhui",""
"1972","650000","Xinjiang","100.3000"
"1972","230000","Heilongjiang","101.1000"
"1972","220000","Jilin","100.3000"
"1972","310000","Shanghai","99.9000"
"1972","620000","Gansu",""
"1972","370000","Shandong","100.0000"
"1972","150000","Inner Mongolia",""
"1972","210000","Liaoning",""
"1972","110000","Beijing","100.2000"
"1972","360000","Jiangxi",""
"1972","420000","Hubei","99.6000"
"1972","130000","Hebei",""
"1972","320000","Jiangsu","100.2000"
"1972","630000","Qinghai",""
"1972","350000","Fujian","99.7000"
"1972","640000","Ningxia","100.4000"
"1972","610000","Shaanxi","100.8000"
"1972","410000","Henan","99.7000"
"1972","140000","Shanxi",""
"1972","440000","Guangdong",""
"1972","430000","Hunan","100.9000"
"1973","530000","Yunnan",""
"1973","520000","Guizhou","100.2000"
"1973","620000","Gansu","100.3000"
"1973","360000","Jiangxi",""
"1973","410000","Henan","100.0000"
"1973","420000","Hubei","100.3000"
"1973","430000","Hunan","99.6000"
"1973","130000","Hebei",""
"1973","230000","Heilongjiang","100.3000"
"1973","610000","Shaanxi","101.2000"
"1973","650000","Xinjiang","99.9000"
"1973","210000","Liaoning",""
"1973","630000","Qinghai",""
"1973","340000","Anhui",""
"1973","640000","Ningxia","100.3000"
"1973","140000","Shanxi",""
"1973","120000","Tianjin","100.4000"
"1973","310000","Shanghai","100.2000"
"1973","350000","Fujian","100.1000"
"1973","440000","Guangdong",""
"1973","320000","Jiangsu","100.1000"
"1973","110000","Beijing","100.2000"
"1973","220000","Jilin","100.3000"
"1973","150000","Inner Mongolia",""
"1973","330000","Zhejiang",""
"1973","370000","Shandong","99.8000"
"1974","110000","Beijing","99.9000"
"1974","430000","Hunan","99.9000"
"1974","220000","Jilin","100.1000"
"1974","530000","Yunnan",""
"1974","620000","Gansu","100.0000"
"1974","360000","Jiangxi",""
"1974","310000","Shanghai","99.8000"
"1974","340000","Anhui",""
"1974","650000","Xinjiang","100.5000"
"1974","410000","Henan","100.1000"
"1974","210000","Liaoning",""
"1974","120000","Tianjin","99.7000"
"1974","330000","Zhejiang",""
"1974","230000","Heilongjiang","100.5000"
"1974","640000","Ningxia","100.4000"
"1974","520000","Guizhou","100.3000"
"1974","150000","Inner Mongolia",""
"1974","350000","Fujian","99.9000"
"1974","370000","Shandong","99.9000"
"1974","630000","Qinghai",""
"1974","130000","Hebei",""
"1974","140000","Shanxi",""
"1974","440000","Guangdong",""
"1974","610000","Shaanxi","100.9000"
"1974","320000","Jiangsu","100.3000"
"1974","420000","Hubei","99.9000"
"1975","350000","Fujian","100.1000"
"1975","510000","Sichuan",""
"1975","310000","Shanghai","100.1000"
"1975","340000","Anhui",""
"1975","530000","Yunnan",""
"1975","110000","Beijing","100.0000"
"1975","210000","Liaoning",""
"1975","360000","Jiangxi",""
"1975","150000","Inner Mongolia",""
"1975","410000","Henan","100.1000"
"1975","220000","Jilin","100.1000"
"1975","140000","Shanxi",""
"1975","330000","Zhejiang",""
"1975","440000","Guangdong",""
"1975","370000","Shandong","100.2000"
"1975","320000","Jiangsu","100.3000"
"1975","130000","Hebei",""
"1975","640000","Ningxia","100.6000"
"1975","650000","Xinjiang","100.2000"
"1975","520000","Guizhou","100.1000"
"1975","620000","Gansu","99.8000"
"1975","430000","Hunan","100.2000"
"1975","230000","Heilongjiang","100.1000"
"1975","120000","Tianjin","100.1000"
"1975","450000","Guangxi",""
"1975","420000","Hubei","99.9000"
"1975","610000","Shaanxi","100.6000"
"1975","630000","Qinghai",""
"1976","610000","Shaanxi","101.1000"
"1976","110000","Beijing","99.7000"
"1976","410000","Henan","100.2000"
"1976","420000","Hubei","100.0000"
"1976","430000","Hunan","99.8000"
"1976","650000","Xinjiang","99.7000"
"1976","120000","Tianjin","100.0000"
"1976","340000","Anhui",""
"1976","440000","Guangdong",""
"1976","130000","Hebei",""
"1976","220000","Jilin","100.7000"
"1976","310000","Shanghai","99.4000"
"1976","530000","Yunnan",""
"1976","230000","Heilongjiang","100.8000"
"1976","140000","Shanxi",""
"1976","350000","Fujian","100.3000"
"1976","520000","Guizhou","101.4000"
"1976","370000","Shandong","100.2000"
"1976","630000","Qinghai",""
"1976","150000","Inner Mongolia",""
"1976","330000","Zhejiang",""
"1976","620000","Gansu","100.0000"
"1976","210000","Liaoning",""
"1976","640000","Ningxia","100.9000"
"1976","320000","Jiangsu","100.0000"
"1976","360000","Jiangxi",""
"1977","350000","Fujian","100.1000"
"1977","220000","Jilin","100.2000"
"1977","150000","Inner Mongolia",""
"1977","310000","Shanghai","100.3000"
"1977","330000","Zhejiang",""
"1977","520000","Guizhou","101.0000"
"1977","620000","Gansu",""
"1977","210000","Liaoning",""
"1977","630000","Qinghai",""
"1977","340000","Anhui",""
"1977","440000","Guangdong",""
"1977","110000","Beijing","99.9000"
"1977","410000","Henan","99.9000"
"1977","430000","Hunan","99.4000"
"1977","640000","Ningxia","108.2000"
"1977","650000","Xinjiang","99.9000"
"1977","370000","Shandong","99.8000"
"1977","140000","Shanxi",""
"1977","530000","Yunnan",""
"1977","320000","Jiangsu","100.1000"
"1977","420000","Hubei","100.1000"
"1977","130000","Hebei",""
"1977","230000","Heilongjiang","100.8000"
"1977","120000","Tianjin","100.3000"
"1977","610000","Shaanxi","100.4000"
"1977","360000","Jiangxi",""
"1978","150000","Inner Mongolia",""
"1978","310000","Shanghai","100.5000"
"1978","350000","Fujian","100.2000"
"1978","440000","Guangdong",""
"1978","320000","Jiangsu","100.1000"
"1978","140000","Shanxi",""
"1978","510000","Sichuan",""
"1978","110000","Beijing","100.6000"
"1978","130000","Hebei",""
"1978","330000","Zhejiang",""
"1978","640000","Ningxia","100.6000"
"1978","370000","Shandong","100.3000"
"1978","630000","Qinghai",""
"1978","120000","Tianjin","100.0000"
"1978","210000","Liaoning",""
"1978","220000","Jilin","100.1000"
"1978","530000","Yunnan","100.2000"
"1978","650000","Xinjiang","101.2000"
"1978","520000","Guizhou","101.4000"
"1978","360000","Jiangxi",""
"1978","340000","Anhui",""
"1978","450000","Guangxi","100.0000"
"1978","610000","Shaanxi","100.6000"
"1978","420000","Hubei","100.3000"
"1978","430000","Hunan","99.4000"
"1978","230000","Heilongjiang","100.5000"
"1978","620000","Gansu","100.6000"
"1978","410000","Henan","100.1000"
"1979","150000","Inner Mongolia",""
"1979","440000","Guangdong",""
"1979","370000","Shandong","100.7000"
"1979","210000","Liaoning",""
"1979","360000","Jiangxi",""
"1979","630000","Qinghai",""
"1979","310000","Shanghai","100.9000"
"1979","350000","Fujian","102.8000"
"1979","520000","Guizhou","102.6000"
"1979","620000","Gansu","101.1000"
"1979","420000","Hubei","102.6000"
"1979","230000","Heilongjiang","102.5000"
"1979","530000","Yunnan","101.1000"
"1979","640000","Ningxia","101.6000"
"1979","610000","Shaanxi","101.7000"
"1979","320000","Jiangsu","101.0000"
"1979","110000","Beijing","101.8000"
"1979","410000","Henan","100.4000"
"1979","120000","Tianjin","101.0000"
"1979","340000","Anhui",""
"1979","460000","Hainan","101.0000"
"1979","650000","Xinjiang","99.0000"
"1979","430000","Hunan","103.3000"
"1979","130000","Hebei",""
"1979","220000","Jilin","101.7000"
"1979","140000","Shanxi","100.6000"
"1979","510000","Sichuan",""
"1979","330000","Zhejiang",""
"1979","450000","Guangxi","102.6000"
"1980","450000","Guangxi","110.0000"
"1980","460000","Hainan","106.8000"
"1980","610000","Shaanxi","105.3000"
"1980","320000","Jiangsu","105.6000"
"1980","350000","Fujian","105.3000"
"1980","510000","Sichuan",""
"1980","520000","Guizhou","108.2000"
"1980","370000","Shandong","105.0000"
"1980","630000","Qinghai",""
"1980","140000","Shanxi","103.4000"
"1980","150000","Inner Mongolia",""
"1980","440000","Guangdong",""
"1980","120000","Tianjin","105.1000"
"1980","530000","Yunnan","104.7000"
"1980","210000","Liaoning",""
"1980","430000","Hunan","113.6000"
"1980","130000","Hebei",""
"1980","220000","Jilin","105.6000"
"1980","340000","Anhui","104.1000"
"1980","230000","Heilongjiang","107.3000"
"1980","620000","Gansu","104.2000"
"1980","310000","Shanghai","105.9000"
"1980","330000","Zhejiang",""
"1980","640000","Ningxia","108.1000"
"1980","650000","Xinjiang","102.8000"
"1980","110000","Beijing","106.0000"
"1980","360000","Jiangxi",""
"1980","410000","Henan","104.6000"
"1980","420000","Hubei","106.8000"
"1981","450000","Guangxi","101.6000"
"1981","140000","Shanxi","102.5000"
"1981","410000","Henan","101.4000"
"1981","420000","Hubei","102.1000"
"1981","630000","Qinghai",""
"1981","430000","Hunan","102.6000"
"1981","130000","Hebei",""
"1981","310000","Shanghai","101.4000"
"1981","460000","Hainan","106.5000"
"1981","650000","Xinjiang","101.6000"
"1981","220000","Jilin","101.6000"
"1981","150000","Inner Mongolia",""
"1981","330000","Zhejiang",""
"1981","640000","Ningxia","102.1000"
"1981","210000","Liaoning",""
"1981","360000","Jiangxi",""
"1981","440000","Guangdong",""
"1981","530000","Yunnan","101.2000"
"1981","620000","Gansu","101.7000"
"1981","230000","Heilongjiang","102.1000"
"1981","340000","Anhui",""
"1981","510000","Sichuan",""
"1981","610000","Shaanxi","103.6000"
"1981","370000","Shandong","101.8000"
"1981","320000","Jiangsu","101.5000"
"1981","120000","Tianjin","101.3000"
"1981","350000","Fujian","102.7000"
"1981","110000","Beijing","101.3000"
"1981","520000","Guizhou","102.3000"
"1982","610000","Shaanxi","101.4000"
"1982","620000","Gansu","101.1000"
"1982","140000","Shanxi","102.5000"
"1982","340000","Anhui",""
"1982","440000","Guangdong",""
"1982","460000","Hainan","103.8000"
"1982","410000","Henan","101.4000"
"1982","230000","Heilongjiang","103.0000"
"1982","350000","Fujian","103.4000"
"1982","650000","Xinjiang","100.6000"
"1982","520000","Guizhou","101.7000"
"1982","370000","Shandong","100.9000"
"1982","640000","Ningxia","102.9000"
"1982","210000","Liaoning",""
"1982","110000","Beijing","101.8000"
"1982","630000","Qinghai",""
"1982","150000","Inner Mongolia",""
"1982","510000","Sichuan",""
"1982","320000","Jiangsu","100.9000"
"1982","430000","Hunan","101.6000"
"1982","220000","Jilin","104.2000"
"1982","330000","Zhejiang",""
"1982","530000","Yunnan","101.8000"
"1982","450000","Guangxi","103.3000"
"1982","130000","Hebei",""
"1982","120000","Tianjin","100.5000"
"1982","310000","Shanghai","100.3000"
"1982","360000","Jiangxi",""
"1982","420000","Hubei","100.9000"
"1983","510000","Sichuan",""
"1983","530000","Yunnan","101.0000"
"1983","350000","Fujian","101.3000"
"1983","620000","Gansu","100.4000"
"1983","320000","Jiangsu","100.4000"
"1983","360000","Jiangxi",""
"1983","610000","Shaanxi","101.5000"
"1983","410000","Henan","101.6000"
"1983","220000","Jilin","104.5000"
"1983","150000","Inner Mongolia",""
"1983","440000","Guangdong",""
"1983","630000","Qinghai",""
"1983","230000","Heilongjiang","102.5000"
"1983","140000","Shanxi","101.4000"
"1983","330000","Zhejiang",""
"1983","340000","Anhui",""
"1983","520000","Guizhou","100.7000"
"1983","210000","Liaoning",""
"1983","110000","Beijing","100.5000"
"1983","130000","Hebei",""
"1983","460000","Hainan","100.8000"
"1983","640000","Ningxia","101.6000"
"1983","430000","Hunan","102.7000"
"1983","120000","Tianjin","100.5000"
"1983","310000","Shanghai","100.2000"
"1983","450000","Guangxi","102.7000"
"1983","650000","Xinjiang","102.0000"
"1983","370000","Shandong","102.4000"
"1983","420000","Hubei","101.7000"
"1984","460000","Hainan","102.7000"
"1984","620000","Gansu","102.5000"
"1984","110000","Beijing","102.2000"
"1984","360000","Jiangxi","102.1000"
"1984","630000","Qinghai",""
"1984","230000","Heilongjiang","104.3000"
"1984","120000","Tianjin","101.8000"
"1984","140000","Shanxi","102.6000"
"1984","510000","Sichuan",""
"1984","420000","Hubei","102.2000"
"1984","130000","Hebei","102.5000"
"1984","220000","Jilin","103.5000"
"1984","350000","Fujian","102.1000"
"1984","370000","Shandong","101.5000"
"1984","430000","Hunan","103.1000"
"1984","150000","Inner Mongolia","104.0000"
"1984","310000","Shanghai","102.2000"
"1984","340000","Anhui","102.1000"
"1984","450000","Guangxi","103.3000"
"1984","640000","Ningxia","102.7000"
"1984","520000","Guizhou","101.9000"
"1984","320000","Jiangsu","103.0000"
"1984","330000","Zhejiang","103.0000"
"1984","530000","Yunnan","101.9000"
"1984","610000","Shaanxi","103.0000"
"1984","440000","Guangdong","101.3000"
"1984","650000","Xinjiang","102.4000"
"1984","210000","Liaoning",""
"1984","410000","Henan","100.8000"
"1985","140000","Shanxi","108.5000"
"1985","330000","Zhejiang","114.8000"
"1985","450000","Guangxi","113.0000"
"1985","510000","Sichuan","107.6000"
"1985","650000","Xinjiang","107.8000"
"1985","520000","Guizhou","107.7000"
"1985","150000","Inner Mongolia","109.3000"
"1985","310000","Shanghai","115.2000"
"1985","350000","Fujian","111.3000"
"1985","610000","Shaanxi","107.0000"
"1985","620000","Gansu","109.2000"
"1985","640000","Ningxia","108.6000"
"1985","320000","Jiangsu","109.5000"
"1985","340000","Anhui","107.1000"
"1985","460000","Hainan","113.1000"
"1985","360000","Jiangxi","109.0000"
"1985","130000","Hebei","106.8000"
"1985","220000","Jilin","110.3000"
"1985","530000","Yunnan","108.2000"
"1985","420000","Hubei","108.4000"
"1985","230000","Heilongjiang","111.8000"
"1985","210000","Liaoning","110.7000"
"1985","430000","Hunan","110.9000"
"1985","120000","Tianjin","113.1000"
"1985","370000","Shandong","108.7000"
"1985","110000","Beijing","117.6000"
"1985","410000","Henan","104.6000"
"1985","630000","Qinghai",""
"1985","440000","Guangdong","114.8000"
"1986","150000","Inner Mongolia","105.2000"
"1986","120000","Tianjin","106.8000"
"1986","440000","Guangdong","104.9000"
"1986","420000","Hubei","105.5000"
"1986","430000","Hunan","105.3000"
"1986","310000","Shanghai","106.3000"
"1986","530000","Yunnan","106.1000"
"1986","110000","Beijing","106.8000"
"1986","130000","Hebei","105.7000"
"1986","460000","Hainan","104.1000"
"1986","640000","Ningxia","105.8000"
"1986","650000","Xinjiang","107.3000"
"1986","520000","Guizhou","105.4000"
"1986","360000","Jiangxi","106.6000"
"1986","630000","Qinghai",""
"1986","220000","Jilin","106.0000"
"1986","340000","Anhui","106.2000"
"1986","610000","Shaanxi","106.0000"
"1986","210000","Liaoning","106.7000"
"1986","230000","Heilongjiang","106.2000"
"1986","140000","Shanxi","105.6000"
"1986","620000","Gansu","106.6000"
"1986","350000","Fujian","106.5000"
"1986","450000","Guangxi","106.2000"
"1986","370000","Shandong","104.5000"
"1986","320000","Jiangsu","107.1000"
"1986","330000","Zhejiang","106.2000"
"1986","510000","Sichuan","104.8000"
"1986","410000","Henan","105.5000"
"1987","150000","Inner Mongolia","107.8000"
"1987","530000","Yunnan","107.0000"
"1987","610000","Shaanxi","108.6000"
"1987","650000","Xinjiang","107.2000"
"1987","210000","Liaoning","108.6000"
"1987","340000","Anhui","109.1000"
"1987","620000","Gansu","107.6000"
"1987","410000","Henan","106.3000"
"1987","630000","Qinghai",""
"1987","220000","Jilin","107.6000"
"1987","330000","Zhejiang","108.8000"
"1987","420000","Hubei","107.5000"
"1987","130000","Hebei","107.8000"
"1987","140000","Shanxi","107.4000"
"1987","640000","Ningxia","107.3000"
"1987","110000","Beijing","108.6000"
"1987","230000","Heilongjiang","109.4000"
"1987","320000","Jiangsu","109.2000"
"1987","430000","Hunan","109.8000"
"1987","310000","Shanghai","108.1000"
"1987","360000","Jiangxi","106.6000"
"1987","120000","Tianjin","106.8000"
"1987","450000","Guangxi","108.2000"
"1987","510000","Sichuan","107.6000"
"1987","350000","Fujian","109.4000"
"1987","440000","Guangdong","111.2000"
"1987","460000","Hainan","109.8000"
"1987","520000","Guizhou","107.1000"
"1987","370000","Shandong","108.2000"
"1988","130000","Hebei","118.0000"
"1988","140000","Shanxi","120.9000"
"1988","210000","Liaoning","119.3000"
"1988","340000","Anhui","120.9000"
"1988","620000","Gansu","119.1000"
"1988","150000","Inner Mongolia","116.3000"
"1988","120000","Tianjin","116.9000"
"1988","350000","Fujian","126.5000"
"1988","440000","Guangdong","129.4000"
"1988","460000","Hainan","128.1000"
"1988","530000","Yunnan","119.8000"
"1988","360000","Jiangxi","121.8000"
"1988","330000","Zhejiang","121.5000"
"1988","450000","Guangxi","120.8000"
"1988","370000","Shandong","118.7000"
"1988","410000","Henan","119.4000"
"1988","430000","Hunan","125.6000"
"1988","420000","Hubei","119.0000"
"1988","230000","Heilongjiang","118.0000"
"1988","610000","Shaanxi","119.1000"
"1988","110000","Beijing","120.4000"
"1988","310000","Shanghai","120.1000"
"1988","510000","Sichuan","119.9000"
"1988","640000","Ningxia","117.1000"
"1988","520000","Guizhou","119.8000"
"1988","320000","Jiangsu","121.9000"
"1988","630000","Qinghai",""
"1988","220000","Jilin","120.3000"
"1988","650000","Xinjiang","114.7000"
"1989","330000","Zhejiang","118.2000"
"1989","350000","Fujian","118.9000"
"1989","340000","Anhui","117.2000"
"1989","440000","Guangdong","122.1000"
"1989","620000","Gansu","117.9000"
"1989","360000","Jiangxi","118.5000"
"1989","140000","Shanxi","119.5000"
"1989","120000","Tianjin","114.7000"
"1989","310000","Shanghai","115.9000"
"1989","460000","Hainan","128.4000"
"1989","610000","Shaanxi","118.3000"
"1989","370000","Shandong","117.3000"
"1989","410000","Henan","118.7000"
"1989","430000","Hunan","118.2000"
"1989","520000","Guizhou","118.3000"
"1989","320000","Jiangsu","117.1000"
"1989","630000","Qinghai",""
"1989","230000","Heilongjiang","114.6000"
"1989","150000","Inner Mongolia","115.3000"
"1989","450000","Guangxi","121.1000"
"1989","510000","Sichuan","119.8000"
"1989","220000","Jilin","117.2000"
"1989","650000","Xinjiang","116.0000"
"1989","210000","Liaoning","118.2000"
"1989","420000","Hubei","116.3000"
"1989","530000","Yunnan","118.6000"
"1989","130000","Hebei","118.7000"
"1989","640000","Ningxia","117.2000"
"1989","110000","Beijing","117.2000"
"1990","230000","Heilongjiang","105.7000"
"1990","120000","Tianjin","103.0000"
"1990","310000","Shanghai","106.3000"
"1990","350000","Fujian","99.3000"
"1990","650000","Xinjiang","105.0000"
"1990","370000","Shandong","103.4000"
"1990","320000","Jiangsu","103.2000"
"1990","130000","Hebei","100.6000"
"1990","520000","Guizhou","101.8000"
"1990","410000","Henan","100.7000"
"1990","150000","Inner Mongolia","120.3000"
"1990","330000","Zhejiang","102.1000"
"1990","340000","Anhui","102.7000"
"1990","450000","Guangxi","101.1000"
"1990","610000","Shaanxi","101.3000"
"1990","510000","Sichuan","103.8000"
"1990","210000","Liaoning","103.3000"
"1990","420000","Hubei","104.2000"
"1990","630000","Qinghai",""
"1990","430000","Hunan","100.4000"
"1990","220000","Jilin","104.9000"
"1990","140000","Shanxi","102.2000"
"1990","440000","Guangdong","97.5000"
"1990","530000","Yunnan","102.8000"
"1990","620000","Gansu","103.2000"
"1990","110000","Beijing","105.4000"
"1990","460000","Hainan","102.1000"
"1990","540000","Tibet","105.0000"
"1990","640000","Ningxia","107.1000"
"1990","360000","Jiangxi","102.1000"
"1991","120000","Tianjin","110.2000"
"1991","530000","Yunnan","103.1000"
"1991","540000","Tibet","109.2000"
"1991","210000","Liaoning","105.6000"
"1991","420000","Hubei","104.9000"
"1991","330000","Zhejiang","103.5000"
"1991","110000","Beijing","111.9000"
"1991","410000","Henan","102.3000"
"1991","150000","Inner Mongolia","104.6000"
"1991","310000","Shanghai","110.5000"
"1991","610000","Shaanxi","106.0000"
"1991","320000","Jiangsu","104.9000"
"1991","140000","Shanxi","104.8000"
"1991","350000","Fujian","103.5000"
"1991","460000","Hainan","103.9000"
"1991","650000","Xinjiang","108.6000"
"1991","520000","Guizhou","104.4000"
"1991","220000","Jilin","106.8000"
"1991","640000","Ningxia","106.3000"
"1991","510000","Sichuan","103.0000"
"1991","620000","Gansu","104.9000"
"1991","430000","Hunan","104.4000"
"1991","230000","Heilongjiang","107.4000"
"1991","340000","Anhui","106.1000"
"1991","440000","Guangdong","101.2000"
"1991","450000","Guangxi","102.8000"
"1991","360000","Jiangxi","102.8000"
"1991","630000","Qinghai",""
"1991","130000","Hebei","103.4000"
"1991","370000","Shandong","104.9000"
"1992","330000","Zhejiang","107.5000"
"1992","350000","Fujian","105.9000"
"1992","440000","Guangdong","107.3000"
"1992","210000","Liaoning","106.7000"
"1992","360000","Jiangxi","105.7000"
"1992","130000","Hebei","106.1000"
"1992","220000","Jilin","108.0000"
"1992","140000","Shanxi","107.3000"
"1992","640000","Ningxia","108.3000"
"1992","650000","Xinjiang","108.6000"
"1992","520000","Guizhou","107.8000"
"1992","450000","Guangxi","105.9000"
"1992","370000","Shandong","106.8000"
"1992","610000","Shaanxi","109.7000"
"1992","310000","Shanghai","110.0000"
"1992","510000","Sichuan","107.4000"
"1992","620000","Gansu","107.2000"
"1992","110000","Beijing","109.9000"
"1992","420000","Hubei","109.6000"
"1992","430000","Hunan","110.7000"
"1992","340000","Anhui","108.2000"
"1992","460000","Hainan","108.7000"
"1992","410000","Henan","105.4000"
"1992","230000","Heilongjiang","109.2000"
"1992","120000","Tianjin","111.4000"
"1992","530000","Yunnan","108.9000"
"1992","320000","Jiangsu","106.6000"
"1992","630000","Qinghai",""
"1992","150000","Inner Mongolia","107.4000"
"1992","540000","Tibet","108.8000"
"1993","130000","Hebei","113.8000"
"1993","140000","Shanxi","115.1000"
"1993","510000","Sichuan","116.8000"
"1993","540000","Tibet","113.4000"
"1993","630000","Qinghai",""
"1993","330000","Zhejiang","119.8000"
"1993","340000","Anhui","114.7000"
"1993","520000","Guizhou","116.0000"
"1993","220000","Jilin","112.6000"
"1993","310000","Shanghai","120.2000"
"1993","450000","Guangxi","122.0000"
"1993","320000","Jiangsu","118.2000"
"1993","640000","Ningxia","114.3000"
"1993","360000","Jiangxi","114.6000"
"1993","230000","Heilongjiang","114.8000"
"1993","150000","Inner Mongolia","114.1000"
"1993","120000","Tianjin","117.6000"
"1993","410000","Henan","110.4000"
"1993","430000","Hunan","116.8000"
"1993","460000","Hainan","123.3000"
"1993","610000","Shaanxi","111.8000"
"1993","620000","Gansu","115.4000"
"1993","370000","Shandong","112.7000"
"1993","210000","Liaoning","115.2000"
"1993","350000","Fujian","115.4000"
"1993","440000","Guangdong","121.6000"
"1993","530000","Yunnan","121.3000"
"1993","650000","Xinjiang","113.0000"
"1993","110000","Beijing","119.0000"
"1993","420000","Hubei","118.4000"
"1994","620000","Gansu","123.7000"
"1994","230000","Heilongjiang","121.9000"
"1994","340000","Anhui","126.9000"
"1994","450000","Guangxi","126.0000"
"1994","110000","Beijing","124.9000"
"1994","220000","Jilin","120.6000"
"1994","330000","Zhejiang","124.8000"
"1994","540000","Tibet","128.3000"
"1994","370000","Shandong","123.4000"
"1994","410000","Henan","125.2000"
"1994","630000","Qinghai",""
"1994","130000","Hebei","122.6000"
"1994","440000","Guangdong","121.7000"
"1994","510000","Sichuan","124.6000"
"1994","640000","Ningxia","123.1000"
"1994","350000","Fujian","125.3000"
"1994","610000","Shaanxi","126.7000"
"1994","210000","Liaoning","124.3000"
"1994","460000","Hainan","126.7000"
"1994","530000","Yunnan","119.2000"
"1994","320000","Jiangsu","123.2000"
"1994","420000","Hubei","125.3000"
"1994","430000","Hunan","125.3000"
"1994","150000","Inner Mongolia","122.9000"
"1994","120000","Tianjin","124.0000"
"1994","650000","Xinjiang","126.7000"
"1994","520000","Guizhou","122.8000"
"1994","140000","Shanxi","125.2000"
"1994","310000","Shanghai","123.9000"
"1994","360000","Jiangxi","126.9000"
"1995","350000","Fujian","115.2000"
"1995","510000","Sichuan","118.5000"
"1995","210000","Liaoning","116.1000"
"1995","410000","Henan","116.5000"
"1995","150000","Inner Mongolia","117.5000"
"1995","120000","Tianjin","115.3000"
"1995","310000","Shanghai","118.7000"
"1995","530000","Yunnan","121.3000"
"1995","640000","Ningxia","117.1000"
"1995","320000","Jiangsu","115.8000"
"1995","420000","Hubei","120.0000"
"1995","140000","Shanxi","116.9000"
"1995","430000","Hunan","119.0000"
"1995","130000","Hebei","115.2000"
"1995","340000","Anhui","114.8000"
"1995","630000","Qinghai","118.0000"
"1995","220000","Jilin","115.2000"
"1995","650000","Xinjiang","119.7000"
"1995","110000","Beijing","117.3000"
"1995","450000","Guangxi","118.4000"
"1995","360000","Jiangxi","116.9000"
"1995","230000","Heilongjiang","116.1000"
"1995","440000","Guangdong","114.0000"
"1995","460000","Hainan","113.5000"
"1995","330000","Zhejiang","116.6000"
"1995","610000","Shaanxi","119.0000"
"1995","520000","Guizhou","121.4000"
"1995","620000","Gansu","119.8000"
"1995","370000","Shandong","117.6000"
"1996","330000","Zhejiang","107.9000"
"1996","630000","Qinghai","110.8000"
"1996","120000","Tianjin","109.0000"
"1996","440000","Guangdong","107.0000"
"1996","450000","Guangxi","106.5000"
"1996","110000","Beijing","111.6000"
"1996","410000","Henan","110.5000"
"1996","430000","Hunan","107.7000"
"1996","610000","Shaanxi","109.7000"
"1996","350000","Fujian","105.9000"
"1996","510000","Sichuan","109.3000"
"1996","460000","Hainan","104.3000"
"1996","420000","Hubei","109.4000"
"1996","130000","Hebei","107.1000"
"1996","150000","Inner Mongolia","107.6000"
"1996","530000","Yunnan","108.7000"
"1996","320000","Jiangsu","109.3000"
"1996","210000","Liaoning","107.9000"
"1996","220000","Jilin","107.2000"
"1996","340000","Anhui","109.9000"
"1996","650000","Xinjiang","110.5000"
"1996","520000","Guizhou","109.1000"
"1996","370000","Shandong","109.6000"
"1996","360000","Jiangxi","108.4000"
"1996","230000","Heilongjiang","107.1000"
"1996","140000","Shanxi","107.9000"
"1996","310000","Shanghai","109.2000"
"1996","640000","Ningxia","106.8000"
"1996","620000","Gansu","110.2000"
"1997","450000","Guangxi","100.8000"
"1997","210000","Liaoning","103.1000"
"1997","230000","Heilongjiang","104.4000"
"1997","150000","Inner Mongolia","104.5000"
"1997","340000","Anhui","101.3000"
"1997","310000","Shanghai","102.8000"
"1997","530000","Yunnan","104.3000"
"1997","610000","Shaanxi","104.8000"
"1997","630000","Qinghai","104.8000"
"1997","140000","Shanxi","103.1000"
"1997","350000","Fujian","101.7000"
"1997","650000","Xinjiang","103.7000"
"1997","520000","Guizhou","103.4000"
"1997","420000","Hubei","103.2000"
"1997","430000","Hunan","102.8000"
"1997","220000","Jilin","103.7000"
"1997","500000","Chongqing","103.1000"
"1997","620000","Gansu","102.9000"
"1997","370000","Shandong","102.8000"
"1997","360000","Jiangxi","102.0000"
"1997","640000","Ningxia","103.8000"
"1997","130000","Hebei","103.5000"
"1997","120000","Tianjin","103.1000"
"1997","330000","Zhejiang","102.8000"
"1997","440000","Guangdong","101.9000"
"1997","510000","Sichuan","105.1000"
"1997","460000","Hainan","100.8000"
"1997","320000","Jiangsu","101.7000"
"1997","110000","Beijing","105.3000"
"1997","410000","Henan","103.5000"
"1998","220000","Jilin","99.2000"
"1998","150000","Inner Mongolia","99.3000"
"1998","450000","Guangxi","97.0000"
"1998","500000","Chongqing","96.4000"
"1998","620000","Gansu","99.0000"
"1998","420000","Hubei","98.4000"
"1998","630000","Qinghai","100.7000"
"1998","530000","Yunnan","101.7000"
"1998","520000","Guizhou","100.1000"
"1998","370000","Shandong","99.4000"
"1998","330000","Zhejiang","99.7000"
"1998","350000","Fujian","99.7000"
"1998","460000","Hainan","97.3000"
"1998","210000","Liaoning","99.3000"
"1998","230000","Heilongjiang","100.4000"
"1998","340000","Anhui","100.0000"
"1998","640000","Ningxia","100.0000"
"1998","110000","Beijing","102.4000"
"1998","360000","Jiangxi","101.0000"
"1998","310000","Shanghai","100.0000"
"1998","510000","Sichuan","99.6000"
"1998","610000","Shaanxi","98.4000"
"1998","650000","Xinjiang","100.2000"
"1998","320000","Jiangsu","99.4000"
"1998","410000","Henan","97.5000"
"1998","130000","Hebei","98.4000"
"1998","120000","Tianjin","99.5000"
"1998","140000","Shanxi","98.6000"
"1998","440000","Guangdong","98.2000"
"1998","430000","Hunan","100.2000"
"1999","230000","Heilongjiang","96.8000"
"1999","120000","Tianjin","98.9000"
"1999","510000","Sichuan","98.5000"
"1999","530000","Yunnan","99.7000"
"1999","520000","Guizhou","99.2000"
"1999","410000","Henan","96.9000"
"1999","440000","Guangdong","98.2000"
"1999","500000","Chongqing","99.3000"
"1999","460000","Hainan","98.3000"
"1999","610000","Shaanxi","97.8000"
"1999","150000","Inner Mongolia","99.8000"
"1999","330000","Zhejiang","98.8000"
"1999","640000","Ningxia","98.7000"
"1999","340000","Anhui","97.8000"
"1999","620000","Gansu","97.6000"
"1999","320000","Jiangsu","98.7000"
"1999","420000","Hubei","97.8000"
"1999","140000","Shanxi","99.6000"
"1999","210000","Liaoning","98.6000"
"1999","360000","Jiangxi","98.6000"
"1999","430000","Hunan","100.5000"
"1999","220000","Jilin","98.0000"
"1999","450000","Guangxi","97.7000"
"1999","650000","Xinjiang","97.4000"
"1999","130000","Hebei","98.1000"
"1999","540000","Tibet","100.0000"
"1999","370000","Shandong","99.3000"
"1999","110000","Beijing","100.6000"
"1999","310000","Shanghai","101.5000"
"1999","350000","Fujian","99.1000"
"1999","630000","Qinghai","99.5000"
"2000","220000","Jilin","98.6000"
"2000","310000","Shanghai","102.5000"
"2000","340000","Anhui","100.7000"
"2000","440000","Guangdong","101.4000"
"2000","510000","Sichuan","100.1000"
"2000","140000","Shanxi","103.9000"
"2000","150000","Inner Mongolia","101.3000"
"2000","530000","Yunnan","97.9000"
"2000","330000","Zhejiang","101.0000"
"2000","540000","Tibet","99.9000"
"2000","610000","Shaanxi","99.5000"
"2000","210000","Liaoning","99.9000"
"2000","630000","Qinghai","99.5000"
"2000","230000","Heilongjiang","98.3000"
"2000","350000","Fujian","102.1000"
"2000","620000","Gansu","99.5000"
"2000","320000","Jiangsu","100.1000"
"2000","360000","Jiangxi","100.3000"
"2000","500000","Chongqing","96.7000"
"2000","420000","Hubei","99.0000"
"2000","120000","Tianjin","99.6000"
"2000","640000","Ningxia","99.6000"
"2000","130000","Hebei","99.7000"
"2000","450000","Guangxi","99.7000"
"2000","460000","Hainan","101.1000"
"2000","650000","Xinjiang","99.4000"
"2000","520000","Guizhou","99.5000"
"2000","370000","Shandong","100.2000"
"2000","110000","Beijing","103.5000"
"2000","410000","Henan","99.2000"
"2000","430000","Hunan","101.4000"
"2001","140000","Shanxi","99.8000"
"2001","130000","Hebei","100.5000"
"2001","640000","Ningxia","101.6000"
"2001","650000","Xinjiang","104.0000"
"2001","620000","Gansu","104.0000"
"2001","360000","Jiangxi","99.5000"
"2001","420000","Hubei","100.3000"
"2001","450000","Guangxi","100.6000"
"2001","460000","Hainan","98.5000"
"2001","520000","Guizhou","101.8000"
"2001","210000","Liaoning","100.0000"
"2001","330000","Zhejiang","99.8000"
"2001","350000","Fujian","98.7000"
"2001","340000","Anhui","100.5000"
"2001","510000","Sichuan","102.1000"
"2001","500000","Chongqing","101.7000"
"2001","370000","Shandong","101.8000"
"2001","320000","Jiangsu","100.8000"
"2001","410000","Henan","100.7000"
"2001","230000","Heilongjiang","100.8000"
"2001","440000","Guangdong","99.3000"
"2001","430000","Hunan","99.1000"
"2001","120000","Tianjin","101.2000"
"2001","310000","Shanghai","100.0000"
"2001","540000","Tibet","100.1000"
"2001","630000","Qinghai","102.6000"
"2001","220000","Jilin","101.3000"
"2001","150000","Inner Mongolia","100.6000"
"2001","530000","Yunnan","99.1000"
"2001","610000","Shaanxi","101.0000"
"2001","110000","Beijing","103.1000"
"2002","150000","Inner Mongolia","100.2000"
"2002","340000","Anhui","99.0000"
"2002","650000","Xinjiang","99.4000"
"2002","220000","Jilin","99.5000"
"2002","640000","Ningxia","99.4000"
"2002","620000","Gansu","100.0000"
"2002","210000","Liaoning","98.9000"
"2002","110000","Beijing","98.2000"
"2002","310000","Shanghai","100.5000"
"2002","350000","Fujian","99.5000"
"2002","450000","Guangxi","99.1000"
"2002","530000","Yunnan","99.8000"
"2002","360000","Jiangxi","100.1000"
"2002","130000","Hebei","99.0000"
"2002","230000","Heilongjiang","99.3000"
"2002","140000","Shanxi","98.4000"
"2002","120000","Tianjin","99.6000"
"2002","330000","Zhejiang","99.1000"
"2002","500000","Chongqing","99.6000"
"2002","460000","Hainan","99.5000"
"2002","420000","Hubei","99.6000"
"2002","430000","Hunan","99.5000"
"2002","510000","Sichuan","99.7000"
"2002","540000","Tibet","100.4000"
"2002","320000","Jiangsu","99.2000"
"2002","630000","Qinghai","102.3000"
"2002","520000","Guizhou","99.0000"
"2002","370000","Shandong","99.3000"
"2002","410000","Henan","100.1000"
"2002","440000","Guangdong","98.6000"
"2002","610000","Shaanxi","98.9000"
"2003","150000","Inner Mongolia","102.1507"
"2003","310000","Shanghai","100.0664"
"2003","230000","Heilongjiang","100.9216"
"2003","410000","Henan","101.5676"
"2003","440000","Guangdong","100.6291"
"2003","620000","Gansu","101.0661"
"2003","420000","Hubei","102.2354"
"2003","430000","Hunan","102.4493"
"2003","330000","Zhejiang","101.8634"
"2003","450000","Guangxi","101.0621"
"2003","510000","Sichuan","101.6635"
"2003","500000","Chongqing","100.5802"
"2003","460000","Hainan","100.1250"
"2003","210000","Liaoning","101.6858"
"2003","110000","Beijing","100.2295"
"2003","130000","Hebei","102.1746"
"2003","320000","Jiangsu","101.0165"
"2003","220000","Jilin","101.1692"
"2003","340000","Anhui","101.7414"
"2003","540000","Tibet","100.8668"
"2003","610000","Shaanxi","101.6506"
"2003","520000","Guizhou","101.2386"
"2003","360000","Jiangxi","100.7746"
"2003","140000","Shanxi","101.8238"
"2003","120000","Tianjin","101.0269"
"2003","350000","Fujian","100.8495"
"2003","530000","Yunnan","101.2309"
"2003","640000","Ningxia","101.6547"
"2003","650000","Xinjiang","100.4113"
"2003","370000","Shandong","101.1161"
"2003","630000","Qinghai","102.0022"
"2004","350000","Fujian","104.0477"
"2004","340000","Anhui","104.4983"
"2004","520000","Guizhou","103.9815"
"2004","650000","Xinjiang","102.7117"
"2004","420000","Hubei","104.9232"
"2004","330000","Zhejiang","103.8633"
"2004","450000","Guangxi","104.3948"
"2004","320000","Jiangsu","104.0555"
"2004","360000","Jiangxi","103.5224"
"2004","410000","Henan","105.3989"
"2004","430000","Hunan","105.0679"
"2004","140000","Shanxi","104.1397"
"2004","210000","Liaoning","103.4642"
"2004","220000","Jilin","104.0912"
"2004","440000","Guangdong","102.9700"
"2004","460000","Hainan","104.4052"
"2004","370000","Shandong","103.6416"
"2004","110000","Beijing","100.9521"
"2004","310000","Shanghai","102.1517"
"2004","530000","Yunnan","106.0187"
"2004","610000","Shaanxi","103.0534"
"2004","150000","Inner Mongolia","102.9370"
"2004","120000","Tianjin","102.2548"
"2004","500000","Chongqing","103.6744"
"2004","640000","Ningxia","103.6913"
"2004","130000","Hebei","104.2504"
"2004","230000","Heilongjiang","103.8412"
"2004","510000","Sichuan","104.8878"
"2004","540000","Tibet","102.6811"
"2004","620000","Gansu","102.3288"
"2004","630000","Qinghai","103.1521"
"2005","350000","Fujian","102.2169"
"2005","440000","Guangdong","102.2501"
"2005","450000","Guangxi","102.4445"
"2005","210000","Liaoning","101.3568"
"2005","140000","Shanxi","102.3003"
"2005","150000","Inner Mongolia","102.4380"
"2005","340000","Anhui","101.3519"
"2005","420000","Hubei","102.9009"
"2005","310000","Shanghai","100.9558"
"2005","620000","Gansu","101.7497"
"2005","320000","Jiangsu","102.1131"
"2005","430000","Hunan","102.3235"
"2005","220000","Jilin","101.5025"
"2005","120000","Tianjin","101.5492"
"2005","630000","Qinghai","100.7592"
"2005","330000","Zhejiang","101.3217"
"2005","500000","Chongqing","100.7623"
"2005","530000","Yunnan","101.4267"
"2005","540000","Tibet","101.4712"
"2005","640000","Ningxia","101.4968"
"2005","230000","Heilongjiang","101.1833"
"2005","460000","Hainan","101.4568"
"2005","650000","Xinjiang","100.7294"
"2005","370000","Shandong","101.6765"
"2005","110000","Beijing","101.4506"
"2005","130000","Hebei","101.7985"
"2005","510000","Sichuan","101.6605"
"2005","610000","Shaanxi","101.1694"
"2005","410000","Henan","102.0757"
"2005","520000","Guizhou","101.0104"
"2005","360000","Jiangxi","101.7206"
"2006","130000","Hebei","101.6929"
"2006","230000","Heilongjiang","101.9323"
"2006","220000","Jilin","101.3607"
"2006","210000","Liaoning","101.2221"
"2006","410000","Henan","101.2944"
"2006","630000","Qinghai","101.5903"
"2006","350000","Fujian","100.8028"
"2006","340000","Anhui","101.2230"
"2006","460000","Hainan","101.5318"
"2006","540000","Tibet","102.0331"
"2006","640000","Ningxia","101.9355"
"2006","620000","Gansu","101.2759"
"2006","360000","Jiangxi","101.1738"
"2006","140000","Shanxi","102.0324"
"2006","120000","Tianjin","101.5120"
"2006","310000","Shanghai","101.2145"
"2006","530000","Yunnan","101.8692"
"2006","610000","Shaanxi","101.4791"
"2006","650000","Xinjiang","101.3119"
"2006","510000","Sichuan","102.3150"
"2006","520000","Guizhou","101.7127"
"2006","370000","Shandong","101.0101"
"2006","110000","Beijing","100.8865"
"2006","330000","Zhejiang","101.0585"
"2006","320000","Jiangsu","101.6184"
"2006","420000","Hubei","101.5839"
"2006","150000","Inner Mongolia","101.4753"
"2006","440000","Guangdong","101.7860"
"2006","450000","Guangxi","101.3396"
"2006","500000","Chongqing","102.3739"
"2006","430000","Hunan","101.4412"
"2007","120000","Tianjin","104.2152"
"2007","350000","Fujian","105.2281"
"2007","340000","Anhui","105.2704"
"2007","620000","Gansu","105.5279"
"2007","430000","Hunan","105.5744"
"2007","450000","Guangxi","106.0886"
"2007","130000","Hebei","104.6797"
"2007","330000","Zhejiang","104.1741"
"2007","140000","Shanxi","104.6263"
"2007","530000","Yunnan","105.8611"
"2007","610000","Shaanxi","105.1475"
"2007","210000","Liaoning","105.1220"
"2007","630000","Qinghai","106.6440"
"2007","500000","Chongqing","104.7339"
"2007","370000","Shandong","104.4400"
"2007","360000","Jiangxi","104.8396"
"2007","230000","Heilongjiang","105.3892"
"2007","460000","Hainan","105.0416"
"2007","540000","Tibet","103.3685"
"2007","520000","Guizhou","106.4058"
"2007","410000","Henan","105.4248"
"2007","420000","Hubei","104.8443"
"2007","220000","Jilin","104.8020"
"2007","510000","Sichuan","105.9275"
"2007","650000","Xinjiang","105.4852"
"2007","150000","Inner Mongolia","104.6062"
"2007","310000","Shanghai","103.1501"
"2007","440000","Guangdong","103.6761"
"2007","640000","Ningxia","105.4100"
"2007","320000","Jiangsu","104.3095"
"2007","110000","Beijing","102.4054"
"2008","150000","Inner Mongolia","105.7421"
"2008","310000","Shanghai","105.7826"
"2008","530000","Yunnan","105.6994"
"2008","370000","Shandong","105.2918"
"2008","410000","Henan","107.0309"
"2008","130000","Hebei","106.1999"
"2008","350000","Fujian","104.5507"
"2008","440000","Guangdong","105.5973"
"2008","450000","Guangxi","107.7825"
"2008","610000","Shaanxi","106.3591"
"2008","210000","Liaoning","104.6371"
"2008","420000","Hubei","106.2677"
"2008","640000","Ningxia","108.4810"
"2008","320000","Jiangsu","105.3637"
"2008","360000","Jiangxi","106.0463"
"2008","630000","Qinghai","110.0865"
"2008","430000","Hunan","106.0245"
"2008","220000","Jilin","105.1134"
"2008","120000","Tianjin","105.4036"
"2008","340000","Anhui","106.1678"
"2008","510000","Sichuan","105.0725"
"2008","500000","Chongqing","105.5714"
"2008","460000","Hainan","106.9252"
"2008","650000","Xinjiang","108.0558"
"2008","110000","Beijing","105.0618"
"2008","230000","Heilongjiang","105.5551"
"2008","330000","Zhejiang","105.0287"
"2008","540000","Tibet","105.7208"
"2008","520000","Guizhou","107.5886"
"2008","140000","Shanxi","107.1939"
"2008","620000","Gansu","108.2097"
"2009","610000","Shaanxi","100.5234"
"2009","310000","Shanghai","99.5921"
"2009","510000","Sichuan","100.7951"
"2009","540000","Tibet","101.4086"
"2009","630000","Qinghai","102.6477"
"2009","330000","Zhejiang","98.4725"
"2009","450000","Guangxi","97.8552"
"2009","460000","Hainan","99.3212"
"2009","530000","Yunnan","100.3968"
"2009","370000","Shandong","99.9976"
"2009","320000","Jiangsu","99.5699"
"2009","130000","Hebei","99.3215"
"2009","220000","Jilin","100.0708"
"2009","650000","Xinjiang","100.7383"
"2009","110000","Beijing","98.4583"
"2009","420000","Hubei","99.5860"
"2009","340000","Anhui","99.0939"
"2009","440000","Guangdong","97.6538"
"2009","640000","Ningxia","100.7481"
"2009","520000","Guizhou","98.7179"
"2009","210000","Liaoning","100.0494"
"2009","360000","Jiangxi","99.3414"
"2009","230000","Heilongjiang","100.1869"
"2009","150000","Inner Mongolia","99.7349"
"2009","350000","Fujian","98.1887"
"2009","500000","Chongqing","98.3638"
"2009","410000","Henan","99.4170"
"2009","140000","Shanxi","99.5806"
"2009","120000","Tianjin","99.0252"
"2009","620000","Gansu","101.2543"
"2009","430000","Hunan","99.6415"
"2010","310000","Shanghai","103.1056"
"2010","210000","Liaoning","103.0412"
"2010","430000","Hunan","103.1133"
"2010","640000","Ningxia","104.0710"
"2010","520000","Guizhou","102.9239"
"2010","630000","Qinghai","105.3541"
"2010","510000","Sichuan","103.1787"
"2010","500000","Chongqing","103.2477"
"2010","120000","Tianjin","103.5496"
"2010","460000","Hainan","104.8372"
"2010","540000","Tibet","102.2002"
"2010","610000","Shaanxi","103.9711"
"2010","410000","Henan","103.5284"
"2010","130000","Hebei","103.0740"
"2010","220000","Jilin","103.7021"
"2010","150000","Inner Mongolia","103.2023"
"2010","530000","Yunnan","103.7319"
"2010","320000","Jiangsu","103.8132"
"2010","140000","Shanxi","103.0185"
"2010","350000","Fujian","103.2208"
"2010","620000","Gansu","104.1007"
"2010","370000","Shandong","102.9347"
"2010","110000","Beijing","102.4001"
"2010","440000","Guangdong","103.1212"
"2010","650000","Xinjiang","104.3303"
"2010","420000","Hubei","102.9134"
"2010","230000","Heilongjiang","103.8951"
"2010","330000","Zhejiang","103.8375"
"2010","340000","Anhui","103.1392"
"2010","450000","Guangxi","102.9844"
"2010","360000","Jiangxi","103.0443"
"2011","420000","Hubei","105.7593"
"2011","440000","Guangdong","105.3210"
"2011","500000","Chongqing","105.3026"
"2011","520000","Guizhou","105.1467"
"2011","620000","Gansu","105.8674"
"2011","410000","Henan","105.6275"
"2011","140000","Shanxi","105.2129"
"2011","130000","Hebei","105.6961"
"2011","230000","Heilongjiang","105.8290"
"2011","150000","Inner Mongolia","105.5809"
"2011","510000","Sichuan","105.3399"
"2011","210000","Liaoning","105.1655"
"2011","430000","Hunan","105.5279"
"2011","330000","Zhejiang","105.3834"
"2011","530000","Yunnan","104.8550"
"2011","220000","Jilin","105.2457"
"2011","120000","Tianjin","104.8515"
"2011","350000","Fujian","105.2632"
"2011","450000","Guangxi","105.9048"
"2011","460000","Hainan","106.0657"
"2011","650000","Xinjiang","105.9492"
"2011","370000","Shandong","105.0202"
"2011","540000","Tibet","104.9942"
"2011","610000","Shaanxi","105.7033"
"2011","630000","Qinghai","106.1384"
"2011","310000","Shanghai","105.1772"
"2011","340000","Anhui","105.5625"
"2011","640000","Ningxia","106.3382"
"2011","320000","Jiangsu","105.3297"
"2011","110000","Beijing","105.6359"
"2011","360000","Jiangxi","105.2493"
"2012","220000","Jilin","102.4885"
"2012","130000","Hebei","102.5965"
"2012","150000","Inner Mongolia","103.1022"
"2012","520000","Guizhou","102.7136"
"2012","330000","Zhejiang","102.1837"
"2012","110000","Beijing","103.2582"
"2012","430000","Hunan","102.0117"
"2012","440000","Guangdong","102.8127"
"2012","450000","Guangxi","103.2348"
"2012","500000","Chongqing","102.5841"
"2012","370000","Shandong","102.1034"
"2012","360000","Jiangxi","102.7485"
"2012","230000","Heilongjiang","103.1774"
"2012","120000","Tianjin","102.7263"
"2012","340000","Anhui","102.2608"
"2012","640000","Ningxia","102.0348"
"2012","610000","Shaanxi","102.7885"
"2012","650000","Xinjiang","103.8260"
"2012","620000","Gansu","102.6934"
"2012","140000","Shanxi","102.4983"
"2012","310000","Shanghai","102.8344"
"2012","350000","Fujian","102.4305"
"2012","540000","Tibet","103.5075"
"2012","320000","Jiangsu","102.5660"
"2012","210000","Liaoning","102.8423"
"2012","420000","Hubei","102.9048"
"2012","510000","Sichuan","102.5346"
"2012","530000","Yunnan","102.7340"
"2012","410000","Henan","102.5445"
"2012","460000","Hainan","103.2057"
"2012","630000","Qinghai","103.0604"
"2013","120000","Tianjin","103.1000"
"2013","410000","Henan","102.9000"
"2013","510000","Sichuan","102.8000"
"2013","500000","Chongqing","102.7000"
"2013","450000","Guangxi","102.2000"
"2013","350000","Fujian","102.5000"
"2013","370000","Shandong","102.2000"
"2013","320000","Jiangsu","102.3000"
"2013","460000","Hainan","102.8000"
"2013","610000","Shaanxi","103.0000"
"2013","650000","Xinjiang","103.9000"
"2013","360000","Jiangxi","102.5000"
"2013","330000","Zhejiang","102.3000"
"2013","430000","Hunan","102.5000"
"2013","230000","Heilongjiang","102.2000"
"2013","640000","Ningxia","103.4000"
"2013","420000","Hubei","102.8000"
"2013","140000","Shanxi","103.1000"
"2013","620000","Gansu","103.2000"
"2013","630000","Qinghai","103.9000"
"2013","130000","Hebei","103.0000"
"2013","530000","Yunnan","103.1000"
"2013","110000","Beijing","103.3000"
"2013","440000","Guangdong","102.5000"
"2013","310000","Shanghai","102.3000"
"2013","150000","Inner Mongolia","103.2000"
"2013","520000","Guizhou","102.5000"
"2013","340000","Anhui","102.4000"
"2013","540000","Tibet","103.6000"
"2013","210000","Liaoning","102.4000"
"2013","220000","Jilin","102.9000"
"2014","500000","Chongqing","101.7544"
"2014","110000","Beijing","101.6191"
"2014","120000","Tianjin","101.8505"
"2014","150000","Inner Mongolia","101.5559"
"2014","530000","Yunnan","102.3733"
"2014","310000","Shanghai","102.6521"
"2014","410000","Henan","101.8854"
"2014","450000","Guangxi","102.0961"
"2014","330000","Zhejiang","102.0552"
"2014","360000","Jiangxi","102.3455"
"2014","610000","Shaanxi","101.6422"
"2014","650000","Xinjiang","102.1059"
"2014","510000","Sichuan","101.5730"
"2014","350000","Fujian","102.0192"
"2014","460000","Hainan","102.3545"
"2014","630000","Qinghai","102.7608"
"2014","320000","Jiangsu","102.2087"
"2014","140000","Shanxi","101.6599"
"2014","370000","Shandong","101.9055"
"2014","640000","Ningxia","101.8738"
"2014","430000","Hunan","101.8816"
"2014","130000","Hebei","101.7230"
"2014","620000","Gansu","102.1292"
"2014","230000","Heilongjiang","101.4805"
"2014","420000","Hubei","101.9554"
"2014","210000","Liaoning","101.6949"
"2014","540000","Tibet","102.8987"
"2014","520000","Guizhou","102.4296"
"2014","340000","Anhui","101.6245"
"2014","440000","Guangdong","102.3064"
"2014","220000","Jilin","101.9910"
"2015","320000","Jiangsu","101.6610"
"2015","520000","Guizhou","101.8145"
"2015","220000","Jilin","101.6516"
"2015","610000","Shaanxi","100.9615"
"2015","150000","Inner Mongolia","101.1284"
"2015","110000","Beijing","101.8457"
"2015","210000","Liaoning","101.3800"
"2015","310000","Shanghai","102.4191"
"2015","410000","Henan","101.3007"
"2015","530000","Yunnan","101.8869"
"2015","440000","Guangdong","101.5490"
"2015","130000","Hebei","100.8745"
"2015","140000","Shanxi","100.5977"
"2015","620000","Gansu","101.5580"
"2015","630000","Qinghai","102.6188"
"2015","510000","Sichuan","101.4613"
"2015","330000","Zhejiang","101.4107"
"2015","360000","Jiangxi","101.5075"
"2015","500000","Chongqing","101.2544"
"2015","450000","Guangxi","101.5092"
"2015","120000","Tianjin","101.6604"
"2015","370000","Shandong","101.2257"
"2015","350000","Fujian","101.7270"
"2015","460000","Hainan","101.0321"
"2015","430000","Hunan","101.3803"
"2015","340000","Anhui","101.2859"
"2015","650000","Xinjiang","100.5667"
"2015","230000","Heilongjiang","101.1217"
"2015","640000","Ningxia","101.1500"
"2015","540000","Tibet","101.9962"
"2015","420000","Hubei","101.5153"
"2016","460000","Hainan","102.7908"
"2016","640000","Ningxia","101.4582"
"2016","340000","Anhui","101.7699"
"2016","430000","Hunan","101.8776"
"2016","650000","Xinjiang","101.3679"
"2016","230000","Heilongjiang","101.4704"
"2016","540000","Tibet","102.5430"
"2016","420000","Hubei","102.1745"
"2016","320000","Jiangsu","102.2664"
"2016","310000","Shanghai","103.2312"
"2016","530000","Yunnan","101.5111"
"2016","440000","Guangdong","102.3030"
"2016","220000","Jilin","101.6309"
"2016","110000","Beijing","101.3991"
"2016","360000","Jiangxi","101.9626"
"2016","210000","Liaoning","101.5702"
"2016","520000","Guizhou","101.3556"
"2016","610000","Shaanxi","101.2554"
"2016","150000","Inner Mongolia","101.1973"
"2016","630000","Qinghai","101.8214"
"2016","410000","Henan","101.9182"
"2016","350000","Fujian","101.6907"
"2016","370000","Shandong","102.0792"
"2016","130000","Hebei","101.5107"
"2016","620000","Gansu","101.2859"
"2016","140000","Shanxi","101.0730"
"2016","330000","Zhejiang","101.9152"
"2016","500000","Chongqing","101.7916"
"2016","450000","Guangxi","101.6050"
"2016","120000","Tianjin","102.0885"
"2016","510000","Sichuan","101.8991"
"2017","340000","Anhui","101.2320"
"2017","460000","Hainan","102.8450"
"2017","650000","Xinjiang","102.1868"
"2017","230000","Heilongjiang","101.3498"
"2017","420000","Hubei","101.5459"
"2017","640000","Ningxia","101.5916"
"2017","430000","Hunan","101.4264"
"2017","370000","Shandong","101.5179"
"2017","350000","Fujian","101.1770"
"2017","530000","Yunnan","100.9498"
"2017","440000","Guangdong","101.5077"
"2017","310000","Shanghai","101.6779"
"2017","330000","Zhejiang","102.1188"
"2017","220000","Jilin","101.5655"
"2017","520000","Guizhou","100.9102"
"2017","210000","Liaoning","101.3574"
"2017","360000","Jiangxi","101.9878"
"2017","540000","Tibet","101.6396"
"2017","320000","Jiangsu","101.7424"
"2017","610000","Shaanxi","101.6374"
"2017","150000","Inner Mongolia","101.7054"
"2017","410000","Henan","101.3651"
"2017","630000","Qinghai","101.4978"
"2017","130000","Hebei","101.7292"
"2017","620000","Gansu","101.3898"
"2017","140000","Shanxi","101.1124"
"2017","510000","Sichuan","101.4121"
"2017","500000","Chongqing","101.0086"
"2017","450000","Guangxi","101.6134"
"2017","110000","Beijing","101.9097"
"2017","120000","Tianjin","102.1116"
"2018","500000","Chongqing","102.0471"
"2018","450000","Guangxi","102.3223"
"2018","460000","Hainan","102.4644"
"2018","510000","Sichuan","101.7361"
"2018","340000","Anhui","101.9834"
"2018","640000","Ningxia","102.3309"
"2018","650000","Xinjiang","102.0286"
"2018","230000","Heilongjiang","101.9673"
"2018","430000","Hunan","101.9613"
"2018","330000","Zhejiang","102.2737"
"2018","360000","Jiangxi","102.1081"
"2018","540000","Tibet","101.7142"
"2018","420000","Hubei","101.9498"
"2018","610000","Shaanxi","102.1001"
"2018","140000","Shanxi","101.7931"
"2018","220000","Jilin","102.1094"
"2018","370000","Shandong","102.4536"
"2018","350000","Fujian","101.5252"
"2018","630000","Qinghai","102.5395"
"2018","130000","Hebei","102.4489"
"2018","320000","Jiangsu","102.3104"
"2018","110000","Beijing","102.4885"
"2018","620000","Gansu","102.0441"
"2018","210000","Liaoning","102.4902"
"2018","440000","Guangdong","102.1607"
"2018","310000","Shanghai","101.5883"
"2018","410000","Henan","102.2525"
"2018","530000","Yunnan","101.5754"
"2018","120000","Tianjin","101.9507"
"2018","150000","Inner Mongolia","101.8227"
"2018","520000","Guizhou","101.7531"
"2019","530000","Yunnan","102.5337"
"2019","440000","Guangdong","103.3811"
"2019","310000","Shanghai","102.4528"
"2019","410000","Henan","103.0073"
"2019","220000","Jilin","102.9904"
"2019","520000","Guizhou","102.3863"
"2019","210000","Liaoning","102.3641"
"2019","110000","Beijing","102.2923"
"2019","610000","Shaanxi","102.8785"
"2019","150000","Inner Mongolia","102.3861"
"2019","370000","Shandong","103.2100"
"2019","350000","Fujian","102.6353"
"2019","630000","Qinghai","102.4501"
"2019","330000","Zhejiang","102.8836"
"2019","130000","Hebei","102.9524"
"2019","140000","Shanxi","102.7214"
"2019","510000","Sichuan","103.1994"
"2019","500000","Chongqing","102.6866"
"2019","450000","Guangxi","103.7164"
"2019","360000","Jiangxi","102.8503"
"2019","320000","Jiangsu","103.1253"
"2019","120000","Tianjin","102.6759"
"2019","620000","Gansu","102.3083"
"2019","340000","Anhui","102.7440"
"2019","230000","Heilongjiang","102.7971"
"2019","640000","Ningxia","102.0607"
"2019","460000","Hainan","103.4244"
"2019","430000","Hunan","102.9163"
"2019","650000","Xinjiang","101.9441"
"2019","540000","Tibet","102.3446"
"2019","420000","Hubei","103.0937"
"2020","210000","Liaoning","102.4000"
"2020","630000","Qinghai","102.6000"
"2020","540000","Tibet","102.2000"
"2020","420000","Hubei","102.7000"
"2020","120000","Tianjin","102.0000"
"2020","440000","Guangdong","102.6000"
"2020","370000","Shandong","102.8000"
"2020","520000","Guizhou","102.6000"
"2020","220000","Jilin","102.3000"
"2020","620000","Gansu","102.0000"
"2020","320000","Jiangsu","102.5000"
"2020","350000","Fujian","102.2000"
"2020","360000","Jiangxi","102.6000"
"2020","130000","Hebei","102.1000"
"2020","140000","Shanxi","102.9000"
"2020","150000","Inner Mongolia","101.9000"
"2020","110000","Beijing","101.7000"
"2020","330000","Zhejiang","102.3000"
"2020","310000","Shanghai","101.7000"
"2020","410000","Henan","102.8000"
"2020","530000","Yunnan","103.6000"
"2020","340000","Anhui","102.7000"
"2020","510000","Sichuan","103.2000"
"2020","610000","Shaanxi","102.5000"
"2020","500000","Chongqing","102.3000"
"2020","450000","Guangxi","102.8000"
"2020","230000","Heilongjiang","102.3000"
"2020","430000","Hunan","102.3000"
"2020","650000","Xinjiang","101.5000"
"2020","460000","Hainan","102.3000"
"2020","640000","Ningxia","101.5000"
"2021","210000","Liaoning","101.1000"
"2021","640000","Ningxia","101.4000"
"2021","420000","Hubei","100.3000"
"2021","230000","Heilongjiang","100.6000"
"2021","430000","Hunan","100.5000"
"2021","440000","Guangdong","100.8000"
"2021","620000","Gansu","100.9000"
"2021","630000","Qinghai","101.3000"
"2021","540000","Tibet","100.9000"
"2021","340000","Anhui","100.9000"
"2021","520000","Guizhou","100.1000"
"2021","140000","Shanxi","101.0000"
"2021","150000","Inner Mongolia","100.9000"
"2021","130000","Hebei","101.0000"
"2021","110000","Beijing","101.1000"
"2021","530000","Yunnan","100.2000"
"2021","310000","Shanghai","101.2000"
"2021","220000","Jilin","100.6000"
"2021","450000","Guangxi","100.9000"
"2021","350000","Fujian","100.7000"
"2021","500000","Chongqing","100.3000"
"2021","370000","Shandong","101.2000"
"2021","510000","Sichuan","100.3000"
"2021","330000","Zhejiang","101.5000"
"2021","360000","Jiangxi","100.9000"
"2021","410000","Henan","100.9000"
"2021","610000","Shaanxi","101.5000"
"2021","320000","Jiangsu","101.6000"
"2021","120000","Tianjin","101.3000"
"2021","650000","Xinjiang","101.2000"
"2021","460000","Hainan","100.3000"
